<?xml version="1.0" encoding="UTF-8"?>
<!DOCTYPE mapper PUBLIC "-//mybatis.org//DTD Mapper 3.0//EN" "http://mybatis.org/dtd/mybatis-3-mapper.dtd">

<mapper namespace="portalxpert.board.education.mapper.EducationMapper">
	
	
	
	<select id="getEdcReqDeptInfoList" parameterType="portalxpert.board.board100.vo.BbsEdcReqInfoVO" 
		resultType="portalxpert.board.board100.vo.BbsEdcReqInfoVO">
		<![CDATA[
		SELECT A.*
		FROM (
			SELECT NOTI_ID
				 , REQ_SEQ
				 , DEPT_CODE
				 , (SELECT DEPT_NAME FROM V1_PSN_DEPT_INFO WHERE DEPT_CODE = A.DEPT_CODE) DEPT_NAME
			     , TO_CHAR(EDC_DTTM, 'YYYY-MM-DD') EDC_DTTM
			     , EDC_TIME_DIV
			     , REQ_STAT_CODE                                                                                                              
			     , REGR_ID                                                                                                                  
			     , (SELECT USER_NAME FROM V1_PSN_USER_INFO WHERE USER_ID = A.REGR_ID) REGR_NAME                                                                                                                
			     , REG_DTTM                                                                                                                 
			     , UPDR_ID                                                                                                                  
			     , TO_CHAR(UPD_DTTM , 'YYYY-MM-DD') UPD_DTTM
			FROM BBS_EDC_REQ_INFO A
			WHERE NOTI_ID = #{notiId} 
			AND  DEPT_CODE = #{deptCode}
			) A
		WHERE  1 = 1
		]]>
		<if test="edcDttm != null and edcDttm != ''">
		AND A.EDC_DTTM = #{edcDttm} 
		</if>
		ORDER BY A.REG_DTTM DESC		
	</select>	
	
	<select id="getEdcReqInfo" parameterType="portalxpert.board.board100.vo.BbsEdcReqInfoVO" 
		resultType="portalxpert.board.board100.vo.BbsEdcReqInfoVO">
		<![CDATA[
		SELECT A.NOTI_ID
		     , B.NOTI_TITLE
			 , A.REQ_SEQ
			 , A.DEPT_CODE
			 , (SELECT DEPT_NAME FROM V1_PSN_DEPT_INFO WHERE DEPT_CODE = A.DEPT_CODE) DEPT_NAME
		     , TO_CHAR(A.EDC_DTTM, 'YYYY-MM-DD') EDC_DTTM
		     , A.EDC_TIME_DIV
		     , A.REQ_STAT_CODE                                                                                                              
		     , A.REGR_ID                                                                                                                  
		     , (SELECT USER_NAME FROM V1_PSN_USER_INFO WHERE USER_ID = A.REGR_ID) REGR_NAME                                                                                                                
		     , A.REG_DTTM                                                                                                                 
		     , A.UPDR_ID                                                                                                                  
		     , A.UPD_DTTM 
		FROM BBS_EDC_REQ_INFO A,
		     BBS_NOTI_INFO B
		WHERE A.NOTI_ID = #{notiId} 
		AND   A.NOTI_ID = B.NOTI_ID
		AND	  A.REQ_SEQ = #{reqSeq}
		]]>
	</select>	
	
	<select id="getEdcTgtInfoList" parameterType="portalxpert.board.board100.vo.BbsEdcReqInfoVO" 
		resultType="portalxpert.board.board100.vo.BbsEdcTgtInfoVO">
		<![CDATA[
		SELECT A.NOTI_ID
			 , A.REQ_SEQ
			 , A.TGT_SEQ
		     , A.USER_NAME
		     , A.TELENUMBER                                                                                                                   
		     , A.REGR_ID                                                                                                                  
		     , A.REG_DTTM                                                                                                                 
		     , A.UPDR_ID                                                                                                                  
		     , A.UPD_DTTM 
		FROM BBS_EDC_TGT_INFO A
		    ,BBS_EDC_REQ_INFO B
		WHERE   A.NOTI_ID = B.NOTI_ID
		AND   A.REQ_SEQ = B.REQ_SEQ
		AND   A.NOTI_ID = #{notiId} 
		AND   A.REQ_SEQ = #{reqSeq}
		ORDER BY A.USER_NAME
		]]>
	</select>	
	
	<select id="getEdcReqCnt" parameterType="portalxpert.board.board100.vo.BbsNotiInfoVO" 
		resultType="int">
		<![CDATA[
		SELECT (A.EDC_CNT-NVL(B.REQ_CNT,0)) EDC_CNT
	    FROM (
			SELECT NOTI_ID, TO_NUMBER(NOTI_ITEM_VAL) EDC_CNT
			FROM BBS_NOTI_ADD_ITEM
			WHERE NOTI_ID = #{notiId}
			AND NOTI_ITEM = 'EDC_CNT'
			AND DEL_YN = 'N'
        ) A, (
			SELECT A.NOTI_ID, COUNT(B.REQ_SEQ) REQ_CNT
			FROM BBS_EDC_TGT_INFO A
			    ,BBS_EDC_REQ_INFO B
			WHERE   A.NOTI_ID = B.NOTI_ID
			AND   A.NOTI_Id = #{notiId}
			AND   A.REQ_SEQ = B.REQ_SEQ
			AND   B.REQ_STAT_CODE = 'Y'
			GROUP BY A.NOTI_ID
        ) B
        WHERE A.NOTI_ID = B.NOTI_ID(+)
		
		]]>
	</select>	

	<insert id="insertEdcReqInfo" parameterType="portalxpert.board.board100.vo.BbsEdcReqInfoVO">
		<selectKey keyProperty="reqSeq" resultType="String" order="BEFORE" >
			SELECT NVL(MAX(REQ_SEQ) + 1, 1)  reqSeq
			FROM BBS_EDC_REQ_INFO
			WHERE NOTI_ID = #{notiId}
		</selectKey>
		
		<![CDATA[
		INSERT INTO BBS_EDC_REQ_INFO(
		  NOTI_ID
		, REQ_SEQ
		, DEPT_CODE
		, EDC_DTTM
		, EDC_TIME_DIV
		, REQ_STAT_CODE
		, REGR_ID
		, REG_DTTM
		, UPDR_ID
		, UPD_DTTM
		) VALUES (
		 #{notiId}
		, #{reqSeq}
		, #{deptCode}
		, TO_DATE(#{edcDttm}, 'yyyy-mm-dd')
		, #{edcTimeDiv}
		, #{reqStatCode}
		, #{regrId}
		, sysdate
		, #{regrId}
		, sysdate
		)
		]]>
	</insert>

	<insert id="insertEdcTgtInfo" parameterType="portalxpert.board.board100.vo.BbsEdcTgtInfoVO">
		<selectKey keyProperty="tgtSeq" resultType="String" order="BEFORE" >
			SELECT NVL(MAX(TGT_SEQ) + 1, 1)  tgtSeq
			FROM BBS_EDC_TGT_INFO
			WHERE NOTI_ID = #{notiId}
			AND   REQ_SEQ = #{reqSeq}
		</selectKey>
		
		<![CDATA[
		INSERT INTO BBS_EDC_TGT_INFO(
		  NOTI_ID
		, REQ_SEQ
		, TGT_SEQ
		, USER_NAME
		, TELENUMBER
		, REGR_ID
		, REG_DTTM
		, UPDR_ID
		, UPD_DTTM
		) VALUES (
		 #{notiId}
		, #{reqSeq}
		, #{tgtSeq}
		, #{userName}
		, #{telenumber}
		, #{regrId}
		, sysdate
		, #{regrId}
		, sysdate
		)
		]]>
	</insert>
	
	<delete id="deleteEdcReqInfo" parameterType="portalxpert.board.board100.vo.BbsEdcReqInfoVO">
		DELETE FROM BBS_EDC_REQ_INFO
		WHERE NOTI_ID = #{notiId}
		AND   REQ_SEQ = #{reqSeq}
		AND   REGR_Id = #{regrId}
	</delete>
	
	<delete id="deleteEdcTgtInfo" parameterType="portalxpert.board.board100.vo.BbsEdcTgtInfoVO">
		DELETE FROM BBS_EDC_TGT_INFO
		WHERE NOTI_ID = #{notiId}
		AND   REQ_SEQ = #{reqSeq}
		AND   REGR_ID = #{regrId}	
	</delete>
	
	
	<update id="updateEdcReqInfo" parameterType="portalxpert.board.board100.vo.BbsEdcReqInfoVO">
		UPDATE BBS_EDC_REQ_INFO
		SET UPDR_ID = #{regrId}
		 ,  UPD_DTTM = SYSDATE 
		 <if test="deptCode != null and deptCode != ''">
		 ,  DEPT_CODE = #{deptCode}
		 </if>
		 <if test="edcDttm != null and edcDttm != ''">
		 ,  EDC_DTTM =  TO_DATE(#{edcDttm}, 'yyyy-mm-dd')
		 </if>
		 <if test="edcTimeDiv != null and edcTimeDiv != ''">
		 ,  EDC_TIME_DIV = #{edcTimeDiv}
		 </if>
		 <if test="reqStatCode != null and reqStatCode != ''">
		 ,  REQ_STAT_CODE = #{reqStatCode}
		 </if>
		WHERE NOTI_ID = #{notiId}
		AND   REQ_SEQ = #{reqSeq}
	</update>	
	
	<select id="getEdcReqInfoManageList" resultType="portalxpert.board.board100.vo.BbsEdcReqInfoVO" parameterType="portalxpert.common.vo.BoardSearchVO" >
		SELECT A.NOTI_ID
		      ,A.NOTI_TITLE
		      ,TO_CHAR(A.NOTI_BGN_DTTM,'YYYY-MM-DD')||' ~ '||TO_CHAR(A.NOTI_END_DTTM,'YYYY-MM-DD') EDC_DTTM
		      ,A.DEPT_NAME
		      ,A.RNUM
		      ,(SELECT NOTI_ITEM_VAL  FROM BBS_NOTI_ADD_ITEM WHERE NOTI_ID = A.NOTI_ID AND NOTI_ITEM = 'EDC_TYPE' AND DEL_YN = 'N') EDC_TYPE
		      ,(SELECT NOTI_ITEM_VAL FROM BBS_NOTI_ADD_ITEM WHERE NOTI_ID = A.NOTI_ID AND NOTI_ITEM = 'EDC_CNT' AND DEL_YN = 'N') EDC_CNT
		      ,(SELECT NOTI_ITEM_VAL FROM BBS_NOTI_ADD_ITEM WHERE NOTI_ID = A.NOTI_ID AND NOTI_ITEM = 'EDC_TIME_DIV' AND DEL_YN = 'N') EDC_TIME_DIV      
		      ,(SELECT NOTI_ITEM_VAL FROM BBS_NOTI_ADD_ITEM WHERE NOTI_ID = A.NOTI_ID AND NOTI_ITEM = 'EDC_END_YN' AND DEL_YN = 'N') EDC_END      
		      ,(SELECT COUNT(D.TGT_SEQ) FROM BBS_EDC_REQ_INFO C, BBS_EDC_TGT_INFO D WHERE C.NOTI_ID = D.NOTI_ID AND C.REQ_SEQ = D.REQ_SEQ AND C.NOTI_ID = A.NOTI_ID AND C.REQ_STAT_CODE = 'Y') EDC_TGT_CNT
		      ,(SELECT COUNT(REQ_SEQ) FROM BBS_EDC_REQ_INFO WHERE NOTI_ID = A.NOTI_ID AND REQ_STAT_CODE = 'Y') REQ_DEPT_CNT
		FROM (
				SELECT A.BOARD_ID
				      ,A.NOTI_ID
				      ,A.NOTI_TITLE
				      ,A.NOTI_BGN_DTTM
				      ,A.NOTI_END_DTTM
				      ,A.DEPT_NAME
				      ,ROW_NUMBER() OVER (ORDER BY B.UPD_DTTM DESC) RNUM
				FROM BBS_NOTI_INFO A
				    ,BBS_BOARD_INFO B
				WHERE A.BOARD_ID = B.BOARD_ID
				AND B.BOARD_FORM = '040'
				AND A.DEL_YN = 'N'
				AND B.DEL_YN = 'N'
                <if test="regDttmFrom != null and regDttmFrom != '' ">
                    <![CDATA[
                    AND A.NOTI_BGN_DTTM >= TO_DATE(#{regDttmFrom},'yyyy-mm-dd')
                    ]]>
                </if>
                <if test="regDttmTo != null and regDttmTo != '' ">
                	<![CDATA[	                        	
                	AND A.NOTI_END_DTTM <= TO_DATE(#{regDttmTo} || ' 23:59:59','yyyy-mm-dd hh24:mi:ss')
                	]]>
                </if>				
                <if test="myNotiTitle != null and myNotiTitle != '' ">
                   	AND A.NOTI_TITLE LIKE '%' || #{myNotiTitle} || '%'
                </if>				
				ORDER BY A.UPD_DTTM DESC
		) A
		WHERE RNUM BETWEEN #{firstIndex}  AND #{lastIndex}
	</select>	
	
	<select id="getEdcReqInfoManageListTotCnt" resultType="int" parameterType="portalxpert.common.vo.BoardSearchVO" >
				SELECT COUNT(A.NOTI_ID)
				FROM BBS_NOTI_INFO A
				    ,BBS_BOARD_INFO B
				WHERE A.BOARD_ID = B.BOARD_ID
				AND B.BOARD_FORM = '040'
				AND A.DEL_YN = 'N'
				AND B.DEL_YN = 'N'
                <if test="regDttmFrom != null and regDttmFrom != '' ">
                    <![CDATA[
                    AND A.NOTI_BGN_DTTM >= TO_DATE(#{regDttmFrom},'yyyy-mm-dd')
                    ]]>
                </if>
                <if test="regDttmTo != null and regDttmTo != '' ">
                	<![CDATA[	                        	
                	AND A.NOTI_END_DTTM <= TO_DATE(#{regDttmTo} || ' 23:59:59','yyyy-mm-dd hh24:mi:ss')
                	]]>
                </if>				
                <if test="myNotiTitle != null and myNotiTitle != '' ">
                   	AND A.NOTI_TITLE LIKE '%' || #{myNotiTitle} || '%'
                </if>				
	</select>
	
	<select id="getEdcTgtInfoManageList" resultType="portalxpert.board.board100.vo.BbsEdcReqInfoVO" parameterType="portalxpert.common.vo.BoardSearchVO" >
		SELECT A.NOTI_ID
		      ,A.NOTI_TITLE
		      ,A.REQ_SEQ
		      ,TO_CHAR(A.EDC_DTTM,'YYYY-MM-DD') EDC_DTTM
		      ,A.DEPT_CODE
		      ,A.RNUM
		      ,(SELECT NOTI_ITEM_VAL  FROM BBS_NOTI_ADD_ITEM WHERE NOTI_ID = A.NOTI_ID AND NOTI_ITEM = 'EDC_TYPE' AND DEL_YN = 'N') EDC_TYPE
		      ,(SELECT NOTI_ITEM_VAL FROM BBS_NOTI_ADD_ITEM WHERE NOTI_ID = A.NOTI_ID AND NOTI_ITEM = 'EDC_TIME_DIV' AND DEL_YN = 'N') EDC_TIME_DIV      
		      ,(SELECT NOTI_ITEM_VAL FROM BBS_NOTI_ADD_ITEM WHERE NOTI_ID = A.NOTI_ID AND NOTI_ITEM = 'EDC_END_YN' AND DEL_YN = 'N') EDC_END      
		      ,(SELECT COUNT(F.TGT_SEQ) FROM  BBS_EDC_TGT_INFO F WHERE  REQ_SEQ = A.REQ_SEQ AND NOTI_ID = A.NOTI_ID) EDC_TGT_CNT
		FROM (
				SELECT A.BOARD_ID
				      ,A.NOTI_ID
				      ,A.NOTI_TITLE
				      ,C.REQ_SEQ
				      ,C.EDC_DTTM
				      ,C.DEPT_CODE
				      ,ROW_NUMBER() OVER (ORDER BY B.UPD_DTTM DESC) RNUM
				FROM BBS_NOTI_INFO A
				    ,BBS_BOARD_INFO B
				    ,BBS_EDC_REQ_INFO C
				WHERE A.BOARD_ID = B.BOARD_ID
				AND B.BOARD_FORM = '040'
				AND A.NOTI_ID = C.NOTI_ID
				AND A.DEL_YN = 'N'
				AND B.DEL_YN = 'N'
				AND C.REQ_STAT_CODE = 'Y'
                <if test="regDttmFrom != null and regDttmFrom != '' ">
                    <![CDATA[
                    AND A.NOTI_BGN_DTTM >= TO_DATE(#{regDttmFrom},'yyyy-mm-dd')
                    ]]>
                </if>
                <if test="regDttmTo != null and regDttmTo != '' ">
                	<![CDATA[	                        	
                	AND A.NOTI_END_DTTM <= TO_DATE(#{regDttmTo} || ' 23:59:59','yyyy-mm-dd hh24:mi:ss')
                	]]>
                </if>				
                <if test="myNotiTitle != null and myNotiTitle != '' ">
                   	AND A.NOTI_TITLE LIKE '%' || #{myNotiTitle} || '%'
                </if>				
				ORDER BY A.UPD_DTTM DESC
		) A
		WHERE RNUM BETWEEN #{firstIndex}  AND #{lastIndex}
	</select>	
	
	
	<select id="getEdcTgtInfoManageListTotCnt" resultType="int" parameterType="portalxpert.common.vo.BoardSearchVO" >
				SELECT COUNT(C.REQ_SEQ)
				FROM BBS_NOTI_INFO A
				    ,BBS_BOARD_INFO B
				    ,BBS_EDC_REQ_INFO C
				WHERE A.BOARD_ID = B.BOARD_ID
				AND B.BOARD_FORM = '040'
				AND A.NOTI_ID = C.NOTI_ID
				AND A.DEL_YN = 'N'
				AND B.DEL_YN = 'N'
				AND C.REQ_STAT_CODE = 'Y'
                <if test="regDttmFrom != null and regDttmFrom != '' ">
                    <![CDATA[
                    AND A.NOTI_BGN_DTTM >= TO_DATE(#{regDttmFrom},'yyyy-mm-dd')
                    ]]>
                </if>
                <if test="regDttmTo != null and regDttmTo != '' ">
                	<![CDATA[	                        	
                	AND A.NOTI_END_DTTM <= TO_DATE(#{regDttmTo} || ' 23:59:59','yyyy-mm-dd hh24:mi:ss')
                	]]>
                </if>				
                <if test="myNotiTitle != null and myNotiTitle != '' ">
                   	AND A.NOTI_TITLE LIKE '%' || #{myNotiTitle} || '%'
                </if>				
	</select>	

	<select id="getEdcTgtInfoManageListExcel" resultType="portalxpert.board.board100.vo.BbsEdcReqInfoVO" parameterType="portalxpert.common.vo.BoardSearchVO" >
		SELECT A.NOTI_ID
		      ,A.NOTI_TITLE
		      ,A.REQ_SEQ
		      ,A.DEPT_NAME
		      ,TO_CHAR(A.EDC_DTTM,'YYYY-MM-DD') EDC_DTTM
		      ,A.EDC_TYPE
		      ,A.EDC_TIME_DIV
		      ,A.EDC_END
		      ,A.UPD_DTTM
		      ,B.USER_NAME
		      ,0 EDC_TGT_CNT
		FROM (
				SELECT A.BOARD_ID
				      ,A.NOTI_ID
				      ,A.NOTI_TITLE
				      ,A.UPD_DTTM
				      ,C.REQ_SEQ
				      ,C.EDC_DTTM
				      ,(SELECT DEPT_NAME FROM V1_PSN_DEPT_INFO WHERE DEPT_CODE = C.DEPT_CODE) DEPT_NAME
				      ,C.REQ_STAT_CODE
				      ,D.NOTI_ITEM_VAL EDC_TYPE
				      ,(SELECT NOTI_ITEM_VAL FROM BBS_NOTI_ADD_ITEM WHERE NOTI_ID = A.NOTI_ID AND NOTI_ITEM = 'EDC_TIME_DIV' AND DEL_YN = 'N') EDC_TIME_DIV      
				      ,(SELECT NOTI_ITEM_VAL FROM BBS_NOTI_ADD_ITEM WHERE NOTI_ID = A.NOTI_ID AND NOTI_ITEM = 'EDC_END_YN' AND DEL_YN = 'N') EDC_END      
				FROM BBS_NOTI_INFO A
				    ,BBS_BOARD_INFO B
				    ,BBS_EDC_REQ_INFO C
				    ,BBS_NOTI_ADD_ITEM D
				WHERE A.BOARD_ID = B.BOARD_ID
				AND B.BOARD_FORM = '040'
				AND A.NOTI_ID = C.NOTI_ID
				AND A.DEL_YN = 'N'
				AND B.DEL_YN = 'N'
				AND C.REQ_STAT_CODE = 'Y'
				AND A.NOTI_ID = D.NOTI_ID
				AND D.NOTI_ITEM = 'EDC_TYPE'
				AND D.NOTI_ITEM_VAL = '010' /* 집합 */
                <if test="regDttmFrom != null and regDttmFrom != '' ">
                    <![CDATA[
                    AND A.NOTI_BGN_DTTM >= TO_DATE(#{regDttmFrom},'yyyy-mm-dd')
                    ]]>
                </if>
                <if test="regDttmTo != null and regDttmTo != '' ">
                	<![CDATA[	                        	
                	AND A.NOTI_END_DTTM <= TO_DATE(#{regDttmTo} || ' 23:59:59','yyyy-mm-dd hh24:mi:ss')
                	]]>
                </if>				
                <if test="myNotiTitle != null and myNotiTitle != '' ">
                   	AND A.NOTI_TITLE LIKE '%' || #{myNotiTitle} || '%'
                </if>
		) A,
		BBS_EDC_TGT_INFO B
		WHERE A.NOTI_ID = B.NOTI_ID
		AND A.REQ_SEQ = B.REQ_SEQ
		UNION ALL
		SELECT A.NOTI_ID
		      ,A.NOTI_TITLE
		      ,A.REQ_SEQ
		      ,A.DEPT_NAME
		      ,TO_CHAR(A.EDC_DTTM,'YYYY-MM-DD') EDC_DTTM
		      ,A.EDC_TYPE
		      ,A.EDC_TIME_DIV
		      ,A.EDC_END
		      ,A.UPD_DTTM
		      ,'' USER_NAME
		      ,(SELECT COUNT(F.TGT_SEQ) FROM BBS_EDC_REQ_INFO E, BBS_EDC_TGT_INFO F WHERE E.NOTI_ID = F.NOTI_ID AND E.REQ_SEQ = F.REQ_SEQ AND E.NOTI_ID = A.NOTI_ID AND E.REQ_STAT_CODE = 'Y') EDC_TGT_CNT
		FROM (
				SELECT A.BOARD_ID
				      ,A.NOTI_ID
				      ,A.NOTI_TITLE
				      ,A.UPD_DTTM
				      ,C.REQ_SEQ
				      ,C.EDC_DTTM
				      ,(SELECT DEPT_NAME FROM V1_PSN_DEPT_INFO WHERE DEPT_CODE = C.DEPT_CODE) DEPT_NAME
				      ,C.REQ_STAT_CODE
				      ,D.NOTI_ITEM_VAL EDC_TYPE
				      ,(SELECT NOTI_ITEM_VAL FROM BBS_NOTI_ADD_ITEM WHERE NOTI_ID = A.NOTI_ID AND NOTI_ITEM = 'EDC_TIME_DIV' AND DEL_YN = 'N') EDC_TIME_DIV      
				      ,(SELECT NOTI_ITEM_VAL FROM BBS_NOTI_ADD_ITEM WHERE NOTI_ID = A.NOTI_ID AND NOTI_ITEM = 'EDC_END_YN' AND DEL_YN = 'N') EDC_END      
				FROM BBS_NOTI_INFO A
				    ,BBS_BOARD_INFO B
				    ,BBS_EDC_REQ_INFO C
				    ,BBS_NOTI_ADD_ITEM D
				WHERE A.BOARD_ID = B.BOARD_ID
				AND B.BOARD_FORM = '040'
				AND A.NOTI_ID = C.NOTI_ID
				AND A.DEL_YN = 'N'
				AND B.DEL_YN = 'N'
				AND C.REQ_STAT_CODE = 'Y'
				AND A.NOTI_ID = D.NOTI_ID
				AND D.NOTI_ITEM = 'EDC_TYPE'
				AND D.NOTI_ITEM_VAL = '020' /* 방문 */
                <if test="regDttmFrom != null and regDttmFrom != '' ">
                    <![CDATA[
                    AND A.NOTI_BGN_DTTM >= TO_DATE(#{regDttmFrom},'yyyy-mm-dd')
                    ]]>
                </if>
                <if test="regDttmTo != null and regDttmTo != '' ">
                	<![CDATA[	                        	
                	AND A.NOTI_END_DTTM <= TO_DATE(#{regDttmTo} || ' 23:59:59','yyyy-mm-dd hh24:mi:ss')
                	]]>
                </if>				
                <if test="myNotiTitle != null and myNotiTitle != '' ">
                   	AND A.NOTI_TITLE LIKE '%' || #{myNotiTitle} || '%'
                </if>
		) A		
		ORDER BY UPD_DTTM DESC
		
	</select>	


	<select id="getEdcReqInfoViewList" resultType="portalxpert.board.board100.vo.BbsEdcReqInfoVO" parameterType="portalxpert.board.board100.vo.BbsEdcReqInfoVO" >
		SELECT A.NOTI_ID
		      ,B.REQ_SEQ
		      ,B.EDC_TIME_DIV
		      ,TO_CHAR(B.EDC_DTTM,'YYYY-MM-DD') EDC_DTTM
		      ,(SELECT DEPT_NAME FROM V1_PSN_DEPT_INFO WHERE DEPT_CODE = B.DEPT_CODE) DEPT_NAME
		      ,TO_CHAR(B.UPD_DTTM,'YYYY-MM-DD') UPD_DTTM
		      ,(SELECT COUNT(TGT_SEQ) FROM BBS_EDC_TGT_INFO WHERE NOTI_ID = B.NOTI_ID AND REQ_SEQ = B.REQ_SEQ) EDC_TGT_CNT
		      ,(SELECT NOTI_ITEM_VAL FROM BBS_NOTI_ADD_ITEM WHERE NOTI_ID = A.NOTI_ID AND NOTI_ITEM = 'EDC_TYPE') EDC_TYPE
		      ,B.REQ_STAT_CODE
		FROM BBS_NOTI_INFO A
		    ,BBS_EDC_REQ_INFO B
		WHERE A.NOTI_ID = B.NOTI_ID
		AND A.NOTI_ID = #{notiId}			
		ORDER BY B.EDC_DTTM, B.UPD_DTTM DESC
	</select>

	<select id="getEdcReqEqualList" parameterType="portalxpert.board.board100.vo.BbsEdcReqInfoVO" 
		resultType="portalxpert.board.board100.vo.BbsEdcReqInfoVO">
		SELECT A.NOTI_ID
			  ,A.REQ_SEQ
			  ,A.EDC_TIME_DIV
			  ,A.EDC_DTTM
		FROM (
			SELECT  NOTI_ID
			      , REQ_SEQ
			      , EDC_TIME_DIV
			      , TO_CHAR(EDC_DTTM, 'YYYY-MM-DD') EDC_DTTM
			FROM BBS_EDC_REQ_INFO
			WHERE NOTI_ID = #{notiId} 
			AND   REQ_SEQ = #{reqSeq}
			AND   DEPT_CODE = #{deptCode}
          <if test="edcTimeDiv != null and edcTimeDiv != '' ">
             	AND EDC_TIME_DIV LIKE #{edcTimeDiv} || '%'
          </if>			
			) A
		WHERE  A.EDC_DTTM = #{edcDttm} 
	</select>

	<select id="getEdcReqApprovalList" parameterType="portalxpert.board.board100.vo.BbsEdcReqInfoVO" 
		resultType="portalxpert.board.board100.vo.BbsEdcReqInfoVO">
			SELECT  A.NOTI_ID
			       ,A.REQ_SEQ
			       ,COUNT(B.TGT_SEQ) EDC_TGT_CNT
			       ,MAX(A.REG_DTTM) REG_DTTM
			       ,MAX(A.REGR_ID) REGR_ID
			       ,MAX(A.NOTI_TITLE) NOTI_TITLE
			FROM BBS_EDC_REQ_INFO A
			    ,BBS_EDC_TGT_INFO B
			    ,BBS_NOTI_INFO C
			WHERE A.NOTI_ID = #{notiId}
			AND   A.REQ_STAT_CODE = 'W'
			AND   A.NOTI_ID = B.NOTI_ID
			AND   B.NOTI_ID = C.NOTI_ID
			GROUP BY A.NOTI_ID, A.REQ_SEQ			
	        ORDER BY REG_DTTM DESC
	</select>
		
</mapper>