<?xml version="1.0" encoding="UTF-8"?>
<!DOCTYPE mapper PUBLIC "-//mybatis.org//DTD Mapper 3.0//EN" "http://mybatis.org/dtd/mybatis-3-mapper.dtd">

	
<mapper namespace="portalxpert.board.memo.mapper.MemoMapper">

	<resultMap id="MemoListMap" type="portalxpert.board.memo.vo.MemoVO">
		<result property="adsrId" column="ADSR_ID"/>
		<result property="adsrNm" column="ADSR_NM"/>
		<result property="adsrCtt"	column="ADSR_CTT"/>
		<result property="adsrDttm"	column="ADSR_DTTM"/>
		<result property="seq"	column="SEQ"/>
		<result property="adsrSeq"	column="ADSR_SEQ"/>
		<result property="recvrSeq"	column="RECVR_SEQ"/>
	</resultMap>
	
	<resultMap id="recvrInfoMap" type="portalxpert.board.memo.vo.MemoReceiverVO">
		<result property="adsrId" column="ADSR_ID"/>
		<result property="adsrNm" column="ADSR_NM"/>
		<result property="adsrSeq"	column="ADSR_SEQ"/>
		<result property="recvrSeq"	column="RECVR_SEQ"/>
		<result property="recvrId"	column="RECVR_ID"/>
		<result property="recvrNm" column="RECVR_NM"/>
		<result	property="recvDeptCode" column="RECV_DEPT_CODE"/>
		<result	property="recvDeptNm" column="RECV_DEPT_NM"/>
		<result property="cnfmDttm"	column="CNFM_DTTM"/>
		<result property="seq"	column="SEQ"/>
	</resultMap>

	<!-- 발송목록 -->
	<select id="listSend" resultMap="MemoListMap">
		SELECT	ADSR_ID
		        ,ADSR_NM
		        ,ADSR_SEQ
				,ADSR_CTT
				,ADSR_DTTM
				,RNUM SEQ
		FROM
		(
			SELECT	ROWNUM RNUM ,B.*
			FROM (
				SELECT A.* FROM
				(	
				   SELECT A.ADSR_ID,
				        B.USER_NAME ADSR_NM,
				        A.ADSR_SEQ,
						A.ADSR_CTT,
				        TO_CHAR(A.ADSR_DTTM, 'YYYY-MM-DD HH24:MI') ADSR_DTTM
				   FROM BBS_NOTE_DPCH AS A
				        ,V1_PSN_USER_INFO B
				   WHERE  A.ADSR_ID = #{adsrId}
				   AND A.ADSR_ID = B.USER_ID
					<if test="searchCondition !=null and searchCondition !=''">
						<if test="searchCondition == 'ADSR_CTT'">
						AND A.ADSR_CTT LIKE '%'||#{searchKeyword}||'%'
						</if>
						<if test="searchCondition == 'ADSR_ID'">
						AND A.ADSR_ID LIKE '%'||#{searchKeyword}||'%'
						</if>
					</if>				   
				   ORDER BY A.REG_DTTM DESC
				) A
			) B	
		) P
		<![CDATA[
		WHERE RNUM <= #{recordCountPerPage} + #{firstIndex}  and RNUM > #{firstIndex}
		]]>		   
	</select>
	
	<!-- 수신목록 -->
	<select id="listRecv" resultMap="MemoListMap">
		SELECT	ADSR_ID
		        ,ADSR_NM
		        ,ADSR_SEQ
				,ADSR_CTT
				,ADSR_DTTM
				,RECV_SEQ 
				,RECVR_ID
				,RECV_DEPT_CODE
				,CNFM_DTTM
				,RNUM SEQ
		FROM
		(
			SELECT	ROWNUM RNUM ,B.*
			FROM (
				SELECT A.* FROM
				(	
				  SELECT A.ADSR_ID,
				        (SELECT USER_NAME FROM V1_PSN_USER_INFO WHERE USER_ID = A.ADSR_ID) ADSR_NM,
						A.ADSR_SEQ,
						A.ADSR_CTT,
				        TO_CHAR(A.ADSR_DTTM, 'YYYY-MM-DD HH24:MI') ADSR_DTTM,
				        B.RECV_SEQ,
				        B.RECVR_ID,
				        B.RECV_DEPT_CODE,
				        TO_CHAR(B.CNFM_DTTM, 'YYYY-MM-DD HH24:MI') CNFM_DTTM
				   FROM BBS_NOTE_DPCH AS A
				       ,BBS_NOTE_RECV AS B
				   WHERE (B.RECVR_ID = #{adsrId} OR (B.RECVR_ID='DEPT' AND B.RECV_DEPT_CODE = #{recvDeptCode}) OR (B.RECVR_ID='DEPT' AND B.RECV_DEPT_CODE = 'ALL'))
				   AND A.ADSR_SEQ=B.ADSR_SEQ 
				   AND A.ADSR_ID=B.ADSR_ID
				   AND B.DEPT_RECV_SEQ IS NULL
					<if test="searchCondition !=null and searchCondition !=''">
						<if test="searchCondition == 'ADSR_CTT'">
						AND A.ADSR_CTT LIKE '%'||#{searchKeyword}||'%'
						</if>
						<if test="searchCondition == 'RECVR_ID'">
						AND B.RECVR_ID LIKE '%'||#{searchKeyword}||'%'
						</if>
						<if test="searchCondition == 'ADSR_ID'">
						AND A.ADSR_ID LIKE '%'||#{searchKeyword}||'%'
						</if>
					</if>				   
				   ORDER BY A.REG_DTTM DESC
				) A
			) B	
		) P
		<![CDATA[
		WHERE RNUM <= #{recordCountPerPage} + #{firstIndex}  and RNUM > #{firstIndex}
		]]>			   
	</select>
	
	<!-- 수신목록 -->
	<select id="listRecvForSend" resultType="portalxpert.board.memo.vo.MemoReceiverVO">
		  SELECT A.ADSR_ID,
		        A.ADSR_SEQ,
		        A.RECV_SEQ,
		        A.RECVR_ID,
		        DECODE(A.RECVR_ID,'DEPT','부서',(SELECT USER_NAME FROM V1_PSN_USER_INFO WHERE USER_ID = A.RECVR_ID )) RECVR_NM,
		        A.RECV_DEPT_CODE,
		        DECODE(A.RECV_DEPT_CODE,'ALL','전체',(SELECT DEPT_NAME FROM V1_PSN_DEPT_INFO WHERE DEPT_CODE = A.RECV_DEPT_CODE)) RECV_DEPT_NM,
		        TO_CHAR(A.CNFM_DTTM, 'YYYY-MM-DD HH24:MI') CNFM_DTTM
		   FROM BBS_NOTE_RECV AS A
		   WHERE  A.ADSR_ID = #{adsrId}
		   AND    A.DEPT_RECV_SEQ IS NULL 
		   ORDER BY A.RECV_DEPT_CODE, A.ADSR_ID
	</select>	
	
	<select id="listSendTotal" resultType="int">
		SELECT COUNT(A.ADSR_ID) AS CNT
	   FROM BBS_NOTE_DPCH AS A
	        ,V1_PSN_USER_INFO B
	   WHERE  A.ADSR_ID = #{adsrId}
	   AND A.ADSR_ID = B.USER_ID
		<if test="searchCondition !=null and searchCondition !=''">
			<if test="searchCondition == 'ADSR_CTT'">
			AND A.ADSR_CTT LIKE '%'||#{searchKeyword}||'%'
			</if>
			<if test="searchCondition == 'ADSR_ID'">
			AND A.ADSR_ID LIKE '%'||#{searchKeyword}||'%'
			</if>
		</if>				   
	</select>
	
	<select id="listRecvTotal" resultType="int">
		SELECT COUNT(B.RECVR_ID) AS CNT
	   FROM BBS_NOTE_DPCH AS A
	       ,BBS_NOTE_RECV AS B
	   WHERE (B.RECVR_ID = #{adsrId} OR (B.RECVR_ID='DEPT' AND B.RECV_DEPT_CODE = #{recvDeptCode}) OR (B.RECVR_ID='DEPT' AND B.RECV_DEPT_CODE = 'ALL'))
	   AND A.ADSR_SEQ=B.ADSR_SEQ 
	   AND A.ADSR_ID=B.ADSR_ID
	   AND B.DEPT_RECV_SEQ IS NULL
		<if test="searchCondition !=null and searchCondition !=''">
			<if test="searchCondition == 'ADSR_CTT'">
			AND A.ADSR_CTT LIKE '%'||#{searchKeyword}||'%'
			</if>
			<if test="searchCondition == 'RECVR_ID'">
			AND B.RECVR_ID LIKE '%'||#{searchKeyword}||'%'
			</if>
			<if test="searchCondition == 'ADSR_ID'">
			AND A.ADSR_ID LIKE '%'||#{searchKeyword}||'%'
			</if>
		</if>		
	</select>
	
		 
		 
	<insert id="insertMemoDpch" parameterType="portalxpert.board.memo.vo.MemoVO" >
		<selectKey keyProperty="adsrSeq" resultType="String" order="BEFORE" >
		  	SELECT NVL(MAX(ADSR_SEQ),0)+1 As adsrSeq
		  	FROM BBS_NOTE_DPCH
		</selectKey>
		INSERT INTO BBS_NOTE_DPCH(
			ADSR_ID,
			ADSR_SEQ,
			ADSR_DTTM,
			ADSR_CTT,
			REGR_ID,
			REG_DTTM,
			UPDR_ID,
			UPD_DTTM
			) VALUES (
			#{adsrId}, #{adsrSeq}, sysdate, #{adsrCtt},#{regrId},sysdate,#{regrId},sysdate);
	</insert>
	
	
	<insert id="insertMemoRecv" parameterType="portalxpert.board.memo.vo.MemoReceiverVO">
		<selectKey keyProperty="recvSeq" resultType="String" order="BEFORE" >
		  	SELECT NVL(MAX(RECV_SEQ),0)+1 As recvSeq
		  	FROM BBS_NOTE_RECV
		  	WHERE ADSR_ID = #{adsrId}
		  	AND   ADSR_SEQ = #{adsrSeq}
		</selectKey>	
			INSERT INTO BBS_NOTE_RECV(
					ADSR_ID,
					ADSR_SEQ,
					RECV_SEQ,
					RECVR_ID,
					RECV_DEPT_CODE,
					CNFM_DTTM,
					ANS_ADSR_SEQ,
					DEPT_RECV_SEQ,
					REGR_ID,
					REG_DTTM,
					UPDR_ID,
					UPD_DTTM
					) VALUES (
					#{adsrId},
					#{adsrSeq},
					#{recvSeq},
					#{recvrId},
					DECODE(#{recvrId},'DEPT',#{recvDeptCode},(SELECT DEPT_CODE FROM V1_PSN_USER_INFO WHERE USER_ID = #{recvrId})),
					TO_DATE(#{cnfmDttm}, 'yyyy-mm-dd hh24:mi:ss'),
					#{ansAdsrSeq},
					#{deptRecvSeq},
					#{regrId},
					sysdate,
					#{regrId},
					sysdate)
	</insert>	
	
	<update id="updateMemoRecv" parameterType="portalxpert.board.memo.vo.MemoReceiverVO" >
		UPDATE BBS_NOTE_RECV
		SET CNFM_DTTM = SYSDATE,
		    UPDR_ID = #{regrId},
		    UPD_DTTM = SYSDATE
		WHERE ADSR_ID = #{adsrId}
		AND   ADSR_SEQ = #{adsrSeq}
		AND   RECV_SEQ = #{recvSeq}
		AND   CNFM_DTTM IS NULL
	</update>
	
	<update id="updateAnsSeqMemoRecv" parameterType="portalxpert.board.memo.vo.MemoReceiverVO" >
		UPDATE BBS_NOTE_RECV
		SET ANS_ADSR_SEQ = #{ansAdsrSeq},
		    UPDR_ID = #{regrId},
		    UPD_DTTM = SYSDATE
		WHERE ADSR_ID = #{adsrId}
		AND   ADSR_SEQ = #{adsrSeq}
		AND   RECV_SEQ = #{recvSeq}
	</update>
	
	<select id="getRecv" resultType="portalxpert.board.memo.vo.MemoReceiverVO">
		  SELECT A.ADSR_ID,
		        A.ADSR_SEQ,
		        A.RECV_SEQ,
		        A.RECVR_ID,
		        A.RECV_DEPT_CODE,
		        A.ANS_ADSR_SEQ,
		        TO_CHAR(A.CNFM_DTTM, 'YYYY-MM-DD HH24:MI') CNFM_DTTM,
		        (SELECT RECV_SEQ FROM BBS_NOTE_RECV WHERE ADSR_ID = A.ADSR_ID AND ADSR_SEQ = A.ADSR_SEQ AND DEPT_RECV_SEQ = #{recvSeq} AND RECVR_ID = #{regrId} ) ANS_RECV_SEQ,
		        (SELECT COUNT(ANS_ADSR_SEQ) FROM BBS_NOTE_RECV WHERE ADSR_ID = A.ADSR_ID AND ADSR_SEQ = A.ADSR_SEQ AND DEPT_RECV_SEQ = #{recvSeq} AND RECVR_ID = #{regrId} ) ANS_CNT
		   FROM BBS_NOTE_RECV A
		   WHERE A.ADSR_ID = #{adsrId}
		   AND   A.ADSR_SEQ = #{adsrSeq}
		   AND   A.RECV_SEQ = #{recvSeq}
	</select>	
	
	
	<select id="getMemoRecvCount" resultType="int" parameterType="portalxpert.board.memo.vo.MemoVO" >
		SELECT COUNT(ADSR_ID) CNT
		FROM ( 
		   SELECT B.ADSR_ID
		   FROM BBS_NOTE_RECV AS B
		   WHERE B.RECVR_ID = #{recvrId}
		   AND B.RECVR_ID != 'DEPT'
		   AND B.CNFM_DTTM IS NULL
		   UNION ALL
		   SELECT B.ADSR_ID
		   FROM BBS_NOTE_RECV AS B
		   WHERE B.RECVR_ID='DEPT' AND B.RECV_DEPT_CODE = #{recvDeptCode}
		   AND B.RECVR_ID = 'DEPT' AND B.RECV_DEPT_CODE != 'ALL'
		   AND NOT EXISTS (SELECT RECVR_ID FROM BBS_NOTE_RECV
		                   WHERE ADSR_ID = B.ADSR_ID
		                   AND ADSR_SEQ = B.ADSR_SEQ
		                   AND RECVR_ID = #{recvrId}
		                   AND DEPT_RECV_SEQ = B.RECV_SEQ)	
		   UNION ALL
		   SELECT B.ADSR_ID
		   FROM BBS_NOTE_RECV AS B
		   WHERE B.RECVR_ID='DEPT' AND B.RECV_DEPT_CODE = 'ALL'
		   AND NOT EXISTS (SELECT RECVR_ID FROM BBS_NOTE_RECV
		                   WHERE ADSR_ID = B.ADSR_ID
		                   AND ADSR_SEQ = B.ADSR_SEQ
		                   AND RECVR_ID = #{recvrId}
		                   AND DEPT_RECV_SEQ = B.RECV_SEQ)	
		)	   
	</select>
</mapper>