<?xml version="1.0" encoding="UTF-8"?>
<beans xmlns="http://www.springframework.org/schema/beans" xmlns:xsi="http://www.w3.org/2001/XMLSchema-instance"
	xsi:schemaLocation="http://www.springframework.org/schema/beans http://www.springframework.org/schema/beans/spring-beans-3.2.xsd">
	<bean id="propertyConfigurer" class="org.springframework.beans.factory.config.PropertyPlaceholderConfigurer">
		<property name="locations">
			<list>
				<value>WEB-INF/config/gwp.properties</value>
			</list>
		</property>
	</bean>
	<bean name="propertiesService" class="egovframework.rte.fdl.property.impl.EgovPropertyServiceImpl" destroy-method="destroy">
		<property name="properties">
	        <map>
	        	<entry key="pageUnit" value="10"/>
	        	<entry key="pageSize" value="10"/>
	        	<entry key="prop.excelfilespath" value="${excelfilespath}"/>
	        	
	        	<!-- PortalXpert Community start -->
	        	<!-- 이미지 컨텍스트 경로 -->
	        	<entry key="image.web.contextpath" value="${portalxpert.image.web.contextpath:/}"/>
	        	<!-- 조직트리 쿼리 최상단 조직코드 -->
	        	<entry key="START_DEPT_CODE" value="${portalxpert.startDeptCode:0}"/>
	        	<!-- 업로드 첨부용량 제한 -->
	        	<entry key="upload.file.size" value="${portalxpert.upload.file.size:1000}"/>
	        	<!-- 미리보기 실경로 -->
	        	<entry key="upload.temp.dir" value="${portalxpert.upload.temp.dir:/home/was/tomcat-portal/webapps/portalxpert/upload/temp/}"/>
	        	<!-- 미리보기 웹경로 -->
	        	<entry key="upload.temp.web" value="${portalxpert.upload.temp.web:/upload/temp/}"/>
	        	<!-- 업로드 실경로 -->
	        	<entry key="upload.real.dir" value="${portalxpert.upload.real.dir:/home/was/tomcat-portal/webapps/portalxpert/upload/}"/>
	        	<!-- 업로드 웹경로 -->
	        	<entry key="upload.real.web" value="${portalxpert.upload.real.web:/upload/}"/>
	        	<!-- 동영상 썸네일 실경로 -->
	        	<entry key="upload.thumbnail.dir" value="${portalxpert.upload.thumbnail.dir:/home/was/tomcat-portal/webapps/portalxpert/upload/movie/}"/>
	        	<!-- 동영상 썸네일 웹경로 -->
	        	<entry key="upload.thumbnail.web" value="${portalxpert.upload.thumbnail.web:/upload/movie}"/>
	        	<!-- 동영상 썸네일기본 이미지 -->
	        	<entry key="upload.thumbnail.file" value="${portalxpert.upload.thumbnail.file:movie_process.png}"/>
	        	<!-- PortalXpert Community end -->
	        </map>
		</property>
	</bean>
	
</beans>	
