<?xml version="1.0" encoding="UTF-8"?>
<beans xmlns="http://www.springframework.org/schema/beans" xmlns:xsi="http://www.w3.org/2001/XMLSchema-instance"
	xmlns:tx="http://www.springframework.org/schema/tx"
	xmlns:aop="http://www.springframework.org/schema/aop"
	xsi:schemaLocation="http://www.springframework.org/schema/beans http://www.springframework.org/schema/beans/spring-beans-3.2.xsd
	http://www.springframework.org/schema/tx http://www.springframework.org/schema/tx/spring-tx-3.2.xsd
	http://www.springframework.org/schema/aop http://www.springframework.org/schema/aop/spring-aop-3.2.xsd">

	<bean id="txManager" class="org.springframework.jdbc.datasource.DataSourceTransactionManager">
		<property name="dataSource" ref="dataSource"/>
	</bean>

	<tx:advice id="txAdvice" transaction-manager="txManager">
		<tx:attributes>
			<tx:method name="*" rollback-for="Exception"/>
		</tx:attributes>
	</tx:advice>

	<aop:config>
		<aop:pointcut id="requiredTx" expression="execution(* egovframework.example.sample..impl.*Impl.*(..))"/>
		<aop:pointcut id="requiredTx2" expression="execution(* kr.or.gwp..impl.*Impl.*(..))"/>
		<aop:advisor advice-ref="txAdvice" pointcut-ref="requiredTx" />
		<aop:advisor advice-ref="txAdvice" pointcut-ref="requiredTx2" />
	</aop:config>
	
	
	<!-- PortalXpert Community start -->
	<bean id="portalxpertTxManager" class="org.springframework.jdbc.datasource.DataSourceTransactionManager">
		<property name="dataSource" ref="portalxpertDataSource"/>
	</bean>

	<tx:advice id="portalxpertTxAdvice" transaction-manager="portalxpertTxManager">
		<tx:attributes>
			<tx:method name="*" rollback-for="Exception"/>
		</tx:attributes>
	</tx:advice>

	<aop:config>
		<aop:pointcut id="portalxpertRequiredTx" expression="execution(* portalxpert..*Service.*(..))"/>
		<aop:advisor advice-ref="portalxpertTxAdvice" pointcut-ref="portalxpertRequiredTx" />
	</aop:config>	
	<!-- PortalXpert Community end -->

</beans>
