<?xml version="1.0" encoding="UTF-8"?>
<beans xmlns="http://www.springframework.org/schema/beans" xmlns:xsi="http://www.w3.org/2001/XMLSchema-instance"
	xmlns:jdbc="http://www.springframework.org/schema/jdbc"
	xsi:schemaLocation="http://www.springframework.org/schema/beans http://www.springframework.org/schema/beans/spring-beans-3.2.xsd
						http://www.springframework.org/schema/jdbc  http://www.springframework.org/schema/jdbc/spring-jdbc-3.2.xsd">
	
	<!-- 
	<jdbc:embedded-database id="dataSource" type="HSQL">
		<jdbc:script location= "classpath:/db/sampledb.sql"/>
	</jdbc:embedded-database>
	-->
	
	<bean id="dataSource" class="org.apache.commons.dbcp.BasicDataSource" destroy-method="close">
        <property name="driverClassName" value="com.tmax.tibero.jdbc.TbDriver"/>
<!-- 		<property name="driverClassName" value="com.tmax.tibero.jdbc.ext.TbConnectionPoolDataSource"/> -->
        <property name="url" value="${datasource.url}"/>
        <property name="username" value="${datasource.username}"/>
        <property name="password" value="${datasource.password}"/>
        <property name="initialSize" value="100"/>
        <property name="maxActive" value="150"/>
        <property name="maxWait" value="10000"/>
        <property name="maxIdle" value="30"/>
        <property name="minIdle" value="20"/>
        <property name="testOnBorrow" value="true"/>
        <property name="testOnReturn" value="true"/>
        <property name="validationQuery" value="select 1 from dual"/>
        <property name="testWhileIdle" value="true"/>
        <property name="timeBetweenEvictionRunsMillis" value="130000"/>
        <property name="minEvictableIdleTimeMillis" value="120000"/>
        <property name="numTestsPerEvictionRun" value="20"/>
        <property name="removeAbandonedTimeout" value="30"/>
        <property name="removeAbandoned" value="true"/>
        <property name="logAbandoned" value="false"/>
    </bean>
	
	<!-- PortalXpert Community start -->
	<bean id="portalxpertDataSource" class="org.apache.commons.dbcp.BasicDataSource" destroy-method="close">
        <property name="driverClassName" value="com.tmax.tibero.jdbc.TbDriver"/>
        <property name="url" value="${portalxpert.datasource.url}"/>
        <property name="username" value="${portalxpert.datasource.username}"/>
        <property name="password" value="${portalxpert.datasource.password}"/>
    </bean>
	<!-- PortalXpert Community end -->
</beans>
