<?xml version="1.0" encoding="UTF-8"?>
<beans xmlns="http://www.springframework.org/schema/beans"
	xmlns:xsi="http://www.w3.org/2001/XMLSchema-instance"
	xsi:schemaLocation="http://www.springframework.org/schema/beans http://www.springframework.org/schema/beans/spring-beans.xsd">

	<!-- SqlSession setup for MyBatis Database Layer -->
	<bean id="sqlSession" class="org.mybatis.spring.SqlSessionFactoryBean">
		<property name="dataSource" ref="dataSource" />
		<property name="configLocation" value="classpath:/egovframework/sqlmap/example/sql-mapper-config.xml" />
		<property name="mapperLocations" value="classpath:/egovframework/sqlmap/example/mappers/*.xml" />
	</bean>
	
	<bean id="sqlSessionTest" class="org.mybatis.spring.SqlSessionFactoryBean">
		<property name="dataSource" ref="dataSource" />
		<property name="configLocation" value="classpath:/egovframework/sqlmap/gwp/sql-mapper-config-test.xml" />
		<property name="mapperLocations" value="classpath:/egovframework/sqlmap/gwp/mappers/test_SQL.xml" />
	</bean>

	<!-- MapperConfigurer setup for MyBatis Database Layer with @Mapper("deptMapper") in DeptMapper Interface -->
 	<bean class="egovframework.rte.psl.dataaccess.mapper.MapperConfigurer">
		<property name="basePackage" value="egovframework.example.sample.service.impl" />
		<property name="sqlSessionFactoryBeanName" value="sqlSession"/>
	</bean>
	
	<bean class="egovframework.rte.psl.dataaccess.mapper.MapperConfigurer">
		<property name="basePackage" value="kr.or.gwp.**.mapper" />
		<property name="sqlSessionFactoryBeanName" value="sqlSessionTest"/>
	</bean>
	
	<!-- PortalXpert Community start -->
	<bean id="sqlSessionPortalxpertFactory" class="org.mybatis.spring.SqlSessionFactoryBean">
		<property name="dataSource" ref="portalxpertDataSource" />
		<property name="configLocation"	value="classpath:/portalxpert/mapper/mybatis-config.xml" />
		<property name="mapperLocations" value="classpath:/portalxpert/mapper/**/*-mapper-tibero.xml" />
	</bean>	
	<bean class="egovframework.rte.psl.dataaccess.mapper.MapperConfigurer">
		<property name="basePackage" value="portalxpert.**.mapper" />
		<property name="sqlSessionFactoryBeanName" value="sqlSessionPortalxpertFactory" />
	</bean>
	<!-- PortalXpert Community end -->
</beans>