<?xml version="1.0" encoding="UTF-8"?>
<beans xmlns="http://www.springframework.org/schema/beans" xmlns:xsi="http://www.w3.org/2001/XMLSchema-instance"
	xmlns:aop="http://www.springframework.org/schema/aop"
	xsi:schemaLocation="http://www.springframework.org/schema/beans http://www.springframework.org/schema/beans/spring-beans-3.2.xsd
						http://www.springframework.org/schema/aop http://www.springframework.org/schema/aop/spring-aop-3.2.xsd">

	<aop:config>
<!-- 		<aop:pointcut id="serviceMethod" expression="execution(* egovframework.sample..impl.*Impl.*(..))" /> -->
		
		<aop:pointcut id="serviceMethod" expression="execution(* kr.or.gwp..service.*Impl.*(..)) or execution(* portalxpert.*..*Impl.*(..))" />
		
		
		<aop:aspect ref="exceptionTransfer">
			<aop:after-throwing throwing="exception" pointcut-ref="serviceMethod" method="transfer" />
		</aop:aspect>
		
	</aop:config>
	
	<bean id="exceptionTransfer" class="egovframework.rte.fdl.cmmn.aspect.ExceptionTransfer">
		<property name="exceptionHandlerService">
			<list>
				<ref bean="defaultExceptionHandleManager" />
				<ref bean="otherExceptionHandleManager" />
			</list>
		</property>
	</bean>

	<bean id="defaultExceptionHandleManager" class="egovframework.rte.fdl.cmmn.exception.manager.DefaultExceptionHandleManager">
		<property name="reqExpMatcher">
			<ref bean="antPathMater"/>
		</property>
		<property name="patterns">
			<list>
				<value>**service.impl.*</value>
			</list>
		</property>
		<property name="handlers">
			<list>
				<ref bean="egovHandler" />
			</list>
		</property>
	</bean>

	<bean id="otherExceptionHandleManager" class="egovframework.rte.fdl.cmmn.exception.manager.DefaultExceptionHandleManager">
		<property name="reqExpMatcher">
			<ref bean="antPathMater"/>
		</property>
		<property name="patterns">
			<list>
				<value>**service.impl.*</value>
			</list>
		</property>
		<property name="handlers">
			<list>
				<ref bean="otherHandler" />
			</list>
		</property>
	</bean>
	

	<bean id="egovHandler" class="egovframework.example.cmmn.EgovSampleExcepHndlr" />
	<bean id="otherHandler" class="egovframework.example.cmmn.EgovSampleOthersExcepHndlr" />	
	
</beans>