<?xml version="1.0" encoding="UTF-8"?>
<beans xmlns="http://www.springframework.org/schema/beans" xmlns:xsi="http://www.w3.org/2001/XMLSchema-instance"
        xmlns:p="http://www.springframework.org/schema/p"
        xmlns:context="http://www.springframework.org/schema/context"
        xsi:schemaLocation="http://www.springframework.org/schema/beans http://www.springframework.org/schema/beans/spring-beans-3.2.xsd
                http://www.springframework.org/schema/context http://www.springframework.org/schema/context/spring-context-3.2.xsd">

    <context:component-scan base-package="egovframework,kr,portalxpert">
        <context:include-filter type="annotation" expression="org.springframework.stereotype.Controller"/>
        <context:exclude-filter type="annotation" expression="org.springframework.stereotype.Service"/>
        <context:exclude-filter type="annotation" expression="org.springframework.stereotype.Repository"/>
    </context:component-scan>

    <!-- <bean class="org.springframework.web.servlet.mvc.method.annotation.RequestMappingHandlerAdapter">
        <property name="webBindingInitializer">
            <bean class="egovframework.example.cmmn.web.EgovBindingInitializer"/>
        </property>
    </bean>
    <bean class="org.springframework.web.servlet.mvc.method.annotation.RequestMappingHandlerMapping"/> -->
    
    <!-- exria(spring 3.1부터는 RequestMappingHandlerAdapter를 쓰고 customArgumentResolver를  WebArgumentResolver
    대신 HandlerMethodArgumentResolver를 써야하는데, 아래 코드는 spring 3.0방식임) -->
    <bean
		class="org.springframework.web.servlet.mvc.annotation.AnnotationMethodHandlerAdapter">
		<property name="webBindingInitializer">
			<bean class="egovframework.example.cmmn.web.EgovBindingInitializer"/>
		</property>

		<property name="customArgumentResolvers">
			<list>
				<bean
					class="com.tomatosystem.adaptor.egovframework.uiadaptor.ExriaWebArgumentResolver">
					<property name="uiAdaptor">
						<ref bean="exriaAdaptor" />
					</property>
				</bean>
			</list>
		</property>
		<!-- PortalXpert Community start -->
		<property name="messageConverters">
			<ref bean="jacksonMessageConverter"/>
		</property>
		<!-- PortalXpert Community end -->		
	</bean>
	
	<bean class="org.springframework.web.servlet.mvc.annotation.DefaultAnnotationHandlerMapping" />
	
	<!-- //exria -->
		
    <!-- eXria -->  
    <bean name="exriaAdaptor" class="com.tomatosystem.adaptor.egovframework.uiadaptor.ExriaUIAdaptor" />
	<bean id="exriaView" class="com.tomatosystem.adaptor.egovframework.view.ExriaMapView" />
    <!-- //eXria -->

	<!-- 2014.07.07 노기선 제거  
    <bean class="org.springframework.web.servlet.handler.SimpleMappingExceptionResolver">
        <property name="defaultErrorView" value="cmmn/bizError"/>
        <property name="exceptionMappings">
            <props>
                <prop key="org.springframework.dao.DataAccessException">cmmn/dataAccessFailure</prop>
                <prop key="org.springframework.transaction.TransactionException">cmmn/transactionFailure</prop>
                <prop key="egovframework.rte.fdl.cmmn.exception.EgovBizException">cmmn/egovError</prop>
                <prop key="org.springframework.security.AccessDeniedException">cmmn/egovError</prop>
            </props>
        </property>
    </bean> -->

	<!-- 
    <bean class="org.springframework.web.servlet.view.UrlBasedViewResolver" p:order="1"
	    p:viewClass="org.springframework.web.servlet.view.JstlView"
	    p:prefix="/WEB-INF/jsp/egovframework/example/" p:suffix=".jsp"/>
	 -->
	 
	<!-- eXria -->
	<bean class="org.springframework.web.servlet.view.BeanNameViewResolver" p:order="0" />
	<!-- //eXria -->
	
	<bean class="org.springframework.web.servlet.view.UrlBasedViewResolver" p:order="1"
	   p:viewClass="org.springframework.web.servlet.view.JstlView"
	   p:prefix="/WEB-INF/jsp/gwp/" p:suffix=".jsp"/>

    <!-- For Pagination Tag -->
    <bean id="imageRenderer" class="egovframework.example.cmmn.web.EgovImgPaginationRenderer"/>

    <bean id="paginationManager" class="egovframework.rte.ptl.mvc.tags.ui.pagination.DefaultPaginationManager">
        <property name="rendererType">
            <map>
                <entry key="image" value-ref="imageRenderer"/>
            </map>
        </property>
    </bean>
	<!-- /For Pagination Tag -->
	
	<bean id="exceptionResolver" class="kr.or.gwp.com.xria.core.handler.GWPExceptionResolver" />    
    
    <bean id="messageSource"
		class="org.springframework.context.support.ReloadableResourceBundleMessageSource">
		<property name="basenames">
			<list>
				<value>classpath:system/message/message_ora_error</value>
				<!-- classpath:system/property/system.properties -->
			</list>
		</property>
		<property name="useCodeAsDefaultMessage" value="false" />
		<property name="cacheSeconds" value="600" />
		<property name="defaultEncoding" value="UTF-8" />
	</bean>
	
    <bean id="messageSourceAccessor" class="org.springframework.context.support.MessageSourceAccessor">
        <constructor-arg>
            <ref local="messageSource" />
        </constructor-arg>
    </bean>
    
     <bean id="multipartResolver" class="org.springframework.web.multipart.commons.CommonsMultipartResolver" />
	
	<!-- PortalXpert Community start -->
	<bean id="jacksonMessageConverter" class="org.springframework.http.converter.json.MappingJacksonHttpMessageConverter"/>
	<bean class="org.springframework.web.servlet.view.ContentNegotiatingViewResolver">
		<property name="order" value="0" />
		<property name="ignoreAcceptHeader" value="true" />
		<property name="defaultContentType" value="text/html" />
		<property name="favorPathExtension" value="false" />
		<property name="favorParameter" value="true" />
		<property name="parameterName" value="format" />
		<property name="mediaTypes">
			<map>
				<entry key="json" value="application/json" />
			</map>
		</property>
		<property name="defaultViews">
			<list>
				<bean name="jsonView"	class="org.springframework.web.servlet.view.json.MappingJacksonJsonView" />
			</list>
		</property>
	</bean>
	<!-- PortalXpert Community end -->
		
</beans>